production solutions,0.464784
email newsletter,0.587112
equities research,-0.357002
similar solutions,0.448507
CIBC World Markets,0.288315
Company LLC,0.205176
stock,-0.174735
email address,0.517633
recent filing,0.324073
related companies,0.587112
report,0.357634
InvestorPlace Broker Center,0.555736
average price target,-0.388651
high fees,-0.735674
year-over-year basis,-0.361238
personal trading style,0.598412
latest news,0.517633
target price,0.224358
Liquid Crystal Display,0.219714
average rating,-0.456067
printed circuit boards,0.464784
equities research analysts,-0.357002
Orbotech Ltd Daily,0.435254
average price,0.00447148
JPMorgan Chase,0.357634
concise daily summary,0.517633
quarterly revenue,-0.361238
electronic components,0.448507
stock broker,0.245696
company,0.205176
rating,-0.212527
Orbotech,-0.0725836
new stake,0.288315
