Exchange Commission,0.297303
natural gas,0.381657
email newsletter,0.533052
Chemical Corp Daily,0.315031
Chemical Corp,-0.0775504
market capitalization,-0.325809
email address,0.481751
P/E ratio,-0.325809
related companies,0.533052
InvestorPlace Broker Center,0.555736
crude oil,-0.242478
China Petroleum,-0.0775504
1-year high,-0.501592
high fees,-0.735674
hold recommendation,0.306097
personal trading style,0.598412
investment analyst,0.540686
latest news,0.481751
buy recommendation,0.306097
petroleum products,0.381657
average price,0.405834
concise daily summary,0.481751
company,0.341857
stock broker,0.245696
sell recommendation,0.540686
chemical company,0.313639
