previous quarterly dividend,0.796342
quarterly dividend,0.796342
power generation facilities,0.575642
dividend yield,0.49704
energy company,0.403334
price target,-0.329348
quarterly earnings results,-0.260582
Vanguard Group Inc.,0.42942
CMS shares,-0.22148
stock,-0.0159298
CMS Energy,0.135976
Robeco Institutional Asset,0.388048
InvestorPlace Broker Center,0.555736
average price target,-0.329348
equities analysts,-0.22148
sell rating,0.301057
equal weight,-0.251308
personal trading style,0.598412
share price,-0.309931
ICON Advisers,0.375868
CMS Energy Co.,0.435953
Candriam Luxembourg S.C.A.,0.386617
average price,0.0874571
consensus estimate,0.223979
Institutional Asset Management,0.388048
concise daily summary,0.456639
consumers gas utility,-0.200014
Marketbeat.com reports,-0.360611
independent power production,0.575642
stock broker,0.245696
company,0.396657
mid-day trading,-0.309931
consensus rating,0.492788
Asset Management B.V.,0.388048
rating,0.396923
new stake,0.674641
