Sao Paulo,0.357269
analysts,0.497683
Exchange Commission,0.370945
environmental sanitation services,0.357269
email newsletter,0.583325
FY2016 earnings,0.520372
Companhia,0.149312
CIBC World Markets,0.270502
price target,0.406768
share,0.409464
email address,0.497683
recent filing,0.324868
related companies,0.583325
InvestorPlace Broker Center,0.555736
Saneamento Basico,0.149312
Sector Underperform,-0.223005
high fees,-0.735674
12-month high,-0.249131
personal trading style,0.598412
Zacks Investment Research,0.319309
firm,0.298557
wholesale basis,0.269765
latest news,0.497683
research note,0.406768
research offerings,0.40995
average price,0.46718
Saneamento Basico Daily,0.34214
shares,0.221509
consensus estimate,0.520372
concise daily summary,0.497683
sewage services,0.269765
Companhia de Saneamento,-0.249131
stock broker,0.245696
mid-day trading,-0.351018
rating,0.406768
ratings,0.462732
