hardware,0.223653
integrates,0.480026
Canada-based provider,0.801273
email newsletter,0.783437
aspects,0.560053
brokerage,0.559409
computing,0.571223
communication infrastructure,0.571223
support engaging clients,0.560053
share,0.520405
portfolio companies,0.388521
Solutions Inc Daily,0.765085
designs,0.292317
Pivot Technology Solutions,0.674552
supports information technology,0.480026
email address,0.625959
related companies,0.783437
InvestorPlace Broker Center,0.555736
Wednesday,0.506652
high fees,-0.735674
services,0.801273
personal trading style,0.598412
Zacks Investment Research,0.433202
estimates,0.506652
maintenance,0.560053
organizations,0.801273
glance,0.51306
Cantor Fitzgerald analyst,0.520405
latest news,0.625959
lifecycle management.document.write,0.560053
research note,0.506652
research offerings,0.40995
shares,0.506652
concise daily summary,0.625959
Cantor Fitzgerald,0.520405
R. Garcea,0.520405
stock broker,0.245696
ratings,0.774261
