business’s revenue,-0.301462
Exchange Commission,0.500195
price objective,0.420339
stake,0.244802
stock,-0.0482872
Centre Asset Management,0.213014
email address,0.470185
Eagle Asset Management,0.244802
InvestorPlace Broker Center,0.555736
high fees,-0.735674
year-over-year basis,-0.301462
Zacks Investment Research,0.292944
personal trading style,0.598412
BNP Paribas,0.406566
recent disclosure,0.500195
Beacon Financial Group,0.206838
low-price brands,0.563468
research note,0.33331
Philip Morris International,0.0589123
equities research analysts,-0.340234
Morris International Inc.,0.171154
average price,-0.266181
consensus estimate,0.220076
shares,-0.00615826
PM,0.235661
average target price,-0.320927
concise daily summary,0.470185
stock broker,0.245696
company,0.131078
consensus rating,0.475492
rating,0.37799
insider Drago Azinovic,-0.301521
quarterly earnings data,-0.249483
quarter,-0.0337277
new stake,0.244802
