revenue business intelligence,0.515559
Revenue Intelligence Platform,0.588311
proprietary Service,0.588311
Co. Inc.,0.287965
International Inc Daily,0.437511
revenue growth solutions,0.689999
Servicesource International stock,-0.288704
data warehouse,0.516605
Asset Management Inc.,0.31766
InvestorPlace Broker Center,0.555736
Revenue Lifecycle,0.515559
end-to-end management,0.537955
high fees,-0.735674
cloud applications,0.63261
Zacks Investment Research,0.367177
personal trading style,0.598412
service contract,0.537955
D. E. Shaw,0.287965
customer success,0.427903
revenue growth,0.549488
average price,-0.258494
shares,0.0240405
concise daily summary,0.516846
Thaler Asset Management,0.31766
MarketBeat reports,-0.247684
service revenue management,0.63261
stock broker,0.245696
company,0.411032
servicesource international,-0.0263789
Director Richard Campione,-0.288704
industry data,0.380861
service renewal transactions,0.380861
quarter,0.302812
