Exchange Commission,0.430153
William Blair,0.330038
FY2016 earnings,0.442076
strong buy rating,0.435385
price objective,0.498869
quarterly earnings results,-0.267294
Blair analyst C.,0.40255
Acadian Asset Management,0.319524
consensus price target,0.484231
midday trading,-0.254141
market capitalization,-0.299954
email address,0.511212
related companies,0.570713
P/E ratio,-0.299954
InvestorPlace Broker Center,0.555736
report,0.498869
high fees,-0.735674
12-month high,-0.337971
sell rating,0.365642
Zacks Investment Research,0.391748
personal trading style,0.598412
latest news,0.511212
consensus estimate,0.42944
shares,0.218476
concise daily summary,0.511212
McDermott International Daily,0.420466
stock broker,0.245696
company,0.1972
consensus rating,0.456742
recent Form,0.430153
rating,0.435581
McDermott International,0.0562803
